Team,Conf,W-L,&Delta;,CMP,Sort,MOR,NOL,OMN,PGH,POM,RPI,TRK,WEI,WIL,WLS,BIH,BMN,DII,DOK,ENG,KPK,LMC,MAS,MB
Michigan,B10,"31-2",,1,>>,1,2,2,1,2,2,2,1,2,1,3,1,1,1,1,1,1,3,2
Duke,ACC,"32-2",,2,>>,2,1,1,3,1,1,1,2,2,2,2,3,2,2,3,2,2,2,3
Arizona,B12,"32-2",,3,>>,3,3,3,2,3,3,3,3,1,3,1,2,3,4,2,3,3,1,1
Florida,SEC,"26-7",,4,>>,4,5,4,6,4,5,4,6,6,4,7,6,4,3,5,4,4,6,7
Houston,B12,"28-6",,5,>>,6,6,6,4,5,4,5,4,4,5,5,5,5,5,4,5,7,4,6
Iowa St,B12,"27-7",+3,6,>>,5,12,5,9,6,20,7,5,8,6,10,7,7,6,12,8,6,7,8
Connecticut,BE,"29-5",,7,>>,18,9,20,5,12,6,9,8,5,13,4,4,6,9,6,6,9,8,5
Gonzaga,WCC,"30-3",+2,8,>>,12,8,13,8,10,11,11,7,9,8,6,18,10,11,13,7,12,5,4
Purdue,B10,"26-8",+2,9,>>,8,11,8,12,8,19,8,10,13,9,12,8,8,8,8,10,8,9,15
Illinois,B10,"24-8",-4,10,>>,7,19,7,15,7,21,6,12,14,7,13,17,9,7,9,9,5,12,17
Michigan St,B10,"25-7",-3,11,>>,13,14,12,10,9,8,12,9,10,10,9,13,12,10,7,12,10,14,11
Virginia,ACC,"29-5",+2,12,>>,10,7,10,7,13,10,14,13,7,14,8,9,11,15,10,11,16,18,9
St John's,BE,"28-6",+4,13,>>,11,4,11,11,16,14,15,11,15,12,17,12,14,14,11,13,11,10,12
Vanderbilt,SEC,"26-7",+5,14,>>,9,13,9,19,11,15,10,15,17,11,20,16,16,12,14,15,18,13,10
Alabama,SEC,"23-9",-2,15,>>,15,17,14,16,17,18,18,19,17,15,14,11,13,16,21,16,17,11,16
Arkansas,SEC,"25-8",,16,>>,19,10,16,17,18,13,20,18,16,16,19,14,20,18,17,14,15,15,14
Nebraska,B10,"26-6",-5,17,>>,17,24,21,14,14,22,19,17,11,17,11,10,17,20,18,18,14,16,13
Kansas,B12,"23-10",,18,>>,20,16,25,13,21,7,22,16,12,22,15,15,21,23,15,17,21,19,18
Texas Tech,B12,"22-10",-4,19,>>,21,23,18,18,20,17,13,14,17,18,16,20,19,19,16,19,20,20,19
Wisconsin,B10,"24-10",+4,20,>>,23,15,15,21,22,29,21,21,22,24,28,19,23,22,19,22,19,21,20
Tennessee,SEC,"22-11",,21,>>,16,35,17,29,15,34,16,25,27,19,26,22,15,13,26,23,13,17,23
Louisville,ACC,"23-10",-2,22,>>,14,28,19,27,19,27,17,24,24,20,29,27,18,17,28,20,23,26,27
North Carolina,ACC,"24-8",-1,23,>>,24,25,29,20,29,9,27,20,20,26,18,21,28,29,22,21,29,24,21
BYU,B12,"23-11",+1,24,>>,22,30,27,22,23,25,33,22,21,23,23,23,22,21,24,24,26,22,22
St Mary's CA,WCC,"27-5",-2,25,>>,29,18,24,23,24,16,24,23,33,21,21,30,31,32,20,26,31,28,29
UCLA,B10,"23-11",+3,26,>>,32,20,23,26,27,38,25,28,23,32,31,24,24,30,39,31,25,25,26
Ohio St,B10,"21-12",+4,27,>>,26,27,22,32,26,42,23,32,30,28,38,33,26,26,32,32,22,27,33
Kentucky,SEC,"21-13",,28,>>,25,34,26,36,28,40,31,31,32,30,32,25,25,24,30,30,24,23,28
Utah St,MWC,"28-6",+4,29,>>,33,22,32,24,30,12,29,26,34,25,30,28,40,36,23,28,44,30,31
Miami FL,ACC,"25-8",,30,>>,28,31,33,28,31,44,35,29,26,33,25,29,32,31,34,29,27,37,30
Villanova,BE,"24-8",-5,31,>>,41,36,48,25,33,28,36,27,24,35,24,26,37,41,25,27,42,31,24
Clemson,ACC,"24-10",+3,32,>>,30,33,35,30,36,36,30,30,29,39,33,32,33,34,31,34,32,32,35
Georgia,SEC,"22-10",-6,33,>>,31,44,30,40,32,51,37,33,35,29,37,34,30,27,37,33,30,34,32
Iowa,B10,"21-12",-2,34,>>,27,49,28,41,25,57,26,40,36,31,39,36,27,25,40,36,28,33,39
St Louis,A10,"28-5",-1,35,>>,35,41,49,33,41,23,43,34,37,27,27,35,46,38,27,25,38,50,41
Santa Clara,WCC,"26-8",+2,36,>>,47,32,36,34,35,24,28,35,39,34,34,40,49,46,29,35,40,40,37
TCU,B12,"22-11",,37,>>,42,26,39,31,43,54,48,38,28,43,35,31,39,44,41,39,41,36,34
NC State,ACC,"20-13",+1,38,>>,34,56,40,42,34,46,38,43,37,36,41,44,34,33,44,38,37,43,43
Texas A&M,SEC,"21-11",-3,39,>>,37,47,37,43,39,69,39,41,39,42,42,38,38,37,51,41,36,35,38
VCU,A10,"26-7",+3,40,>>,48,21,52,37,46,26,49,39,48,37,40,41,47,48,33,37,50,51,45
Auburn,SEC,"17-16",+1,41,>>,38,68,41,51,38,50,41,42,43,45,50,43,29,28,58,43,34,29,42
UCF,B12,"21-11",+4,42,>>,53,50,61,35,54,41,57,36,31,51,36,37,43,57,38,44,63,42,36
SMU,ACC,"20-13",+2,43,>>,36,79,43,45,42,49,42,44,43,41,44,46,45,42,55,42,43,47,49
San Diego St,MWC,"22-11",+5,44,>>,54,43,50,39,47,37,44,45,45,44,47,45,48,50,36,48,53,46,52
Cincinnati,B12,"18-15",-1,45,>>,39,51,34,57,44,82,32,58,57,40,63,65,36,40,46,52,33,48,57
South Florida,AAC,"24-8",+4,46,>>,49,38,42,44,49,31,51,48,64,38,53,61,60,49,35,40,58,62,53
Missouri,SEC,"20-12",,47,>>,51,52,44,54,52,65,46,46,42,55,43,39,44,45,86,54,48,41,40
Texas,SEC,"18-14",-8,48,>>,40,63,38,66,37,89,45,59,50,47,48,47,35,35,71,56,39,39,46
Oklahoma,SEC,"19-15",+2,49,>>,46,45,31,64,40,98,40,62,54,49,67,48,42,43,65,57,35,38,44
Indiana,B10,"18-14",-9,50,>>,43,64,46,60,45,81,34,54,54,48,58,52,41,39,69,50,45,44,51
Seton Hall,BE,"21-12",+4,51,>>,50,70,57,48,51,59,60,53,45,54,54,49,52,52,50,51,46,49,47
New Mexico,MWC,"23-10",+1,52,>>,55,57,53,50,50,58,54,49,61,46,46,53,53,54,43,55,51,52,56
Virginia Tech,ACC,"19-13",-1,53,>>,45,77,54,55,55,55,53,50,50,58,52,54,57,56,49,61,54,59,58
Stanford,ACC,"20-12",,54,>>,58,61,58,47,57,60,59,47,50,62,57,58,56,59,54,59,65,61,61
Miami OH,MAC,"31-1",-7,55,>>,89,37,100,38,93,33,86,37,48,68,22,42,81,100,47,46,113,67,25
Akron,MAC,"29-5",+4,56,>>,56,29,65,58,64,32,71,52,71,50,45,70,83,68,45,45,86,70,54
Baylor,B12,"16-16",-1,57,>>,44,82,45,69,48,88,47,64,59,57,71,67,51,47,74,63,55,45,64
Florida St,ACC,"18-15",+7,58,>>,62,46,47,59,56,71,50,60,59,65,72,71,73,55,61,62,52,64,65
Boise St,MWC,"20-12",-2,59,>>,86,55,62,49,61,48,56,55,66,53,60,56,66,62,52,74,71,68,70
Oklahoma St,B12,"19-14",+3,60,>>,65,72,72,46,66,70,75,51,41,67,55,51,55,77,62,66,66,54,48
Tulsa,AAC,"26-7",-2,61,>>,68,59,64,53,63,45,65,61,65,56,59,63,70,75,48,49,83,82,63
West Virginia,B12,"18-14",-4,62,>>,61,78,63,63,59,99,62,65,54,60,70,69,50,53,73,68,47,53,60
Arizona St,B12,"17-16",-1,63,>>,78,60,71,52,67,67,61,57,45,80,62,59,61,76,60,71,75,56,50
McNeese St,SLC,"28-5",+6,64,>>,57,40,68,65,68,35,73,66,77,74,49,50,80,81,56,47,101,87,68
Dayton,A10,"23-10",+7,65,>>,71,39,78,61,77,39,78,67,66,66,65,62,71,69,67,64,77,72,67
Belmont,MVC,"26-6",+3,66,>>,76,54,73,71,69,47,81,71,75,61,51,55,93,72,42,58,79,74,62
California,ACC,"21-11",-6,67,>>,72,86,76,56,74,75,68,56,50,71,56,57,68,80,57,69,70,73,59
Washington,B10,"16-17",-4,68,>>,52,92,55,76,53,115,52,73,69,63,81,80,54,51,85,70,49,60,69
Wake Forest,ACC,"17-16",-1,69,>>,63,74,70,70,73,78,67,68,63,69,79,74,63,63,63,67,57,66,72
Colorado,B12,"17-15",-3,70,>>,73,91,75,68,70,90,77,70,61,70,68,72,58,74,70,80,72,65,66
Nevada,MWC,"22-12",+3,71,>>,84,73,79,62,75,61,80,69,66,75,69,64,82,83,59,73,67,71,71
USC,B10,"18-14",-1,72,>>,85,103,87,67,81,86,66,63,58,84,64,60,62,70,68,81,87,57,55
Grand Canyon,MWC,"20-12",-7,73,>>,69,76,59,75,62,96,55,75,83,59,75,79,69,65,78,75,64,83,81
Northwestern,B10,"15-19",+3,74,>>,60,87,56,83,58,113,63,81,72,78,90,88,67,61,87,79,56,58,75
Yale,Ivy,"24-5",+1,75,>>,93,53,83,74,76,30,91,72,90,52,61,66,96,82,64,53,142,88,76
Mississippi,SEC,"15-20",+18,76,>>,59,88,51,92,65,130,64,85,79,87,102,89,65,58,112,92,62,55,74
Wichita St,AAC,"22-10",+7,77,>>,81,48,67,79,82,64,84,78,97,64,83,85,95,89,77,78,81,89,85
Creighton,BE,"15-17",-5,78,>>,77,105,85,81,78,108,85,76,69,85,84,84,59,67,90,84,73,63,73
Colorado St,MWC,"21-12",,79,>>,99,65,81,72,86,85,88,74,79,76,73,77,86,93,79,83,88,77,79
Minnesota,B10,"15-17",-5,80,>>,75,97,69,89,79,162,58,84,77,86,91,87,77,64,106,89,61,81,80
Providence,BE,"15-18",+2,81,>>,67,119,80,91,72,135,74,88,79,83,93,98,74,66,80,87,59,78,89
High Point,BSo,"30-4",,82,>>,91,42,89,86,92,73,93,83,111,72,76,73,102,84,81,60,106,91,82
Utah Valley,WAC,"25-8",+4,83,>>,96,67,97,73,90,43,87,82,85,81,74,75,101,99,53,65,124,101,93
Northern Iowa,MVC,"23-12",-3,84,>>,70,69,60,96,71,76,70,95,106,73,96,101,98,86,83,77,80,94,99
LSU,SEC,"15-17",-7,85,>>,64,152,74,101,60,154,69,91,86,77,89,96,64,60,109,91,68,69,86
Georgetown,BE,"16-18",+5,86,>>,79,104,77,85,80,104,79,87,72,91,104,97,76,79,113,90,60,84,77
Butler,BE,"16-16",-7,87,>>,74,128,91,87,87,145,72,80,72,90,87,83,79,85,84,88,82,79,78
George Mason,A10,"23-9",-3,88,>>,94,93,101,77,96,53,118,79,84,82,78,76,87,94,66,86,94,98,92
SF Austin,SLC,"28-5",-1,89,>>,106,84,111,82,91,72,89,77,99,97,66,68,104,118,75,72,105,104,83
Syracuse,ACC,"15-17",-4,90,>>,66,144,88,90,83,121,82,90,75,89,85,91,75,71,125,95,69,92,94
Hofstra,CAA,"24-10",+2,91,>>,87,71,82,100,88,52,92,110,113,93,92,102,106,104,72,76,110,115,115
Xavier,BE,"15-18",,92,>>,101,120,99,93,97,143,94,93,79,98,97,94,88,92,93,102,84,75,87
Cal Baptist,WAC,"25-8",+9,93,>>,114,62,112,80,106,62,96,89,90,113,82,78,111,129,98,82,135,102,88
Liberty,CUSA,"25-7",+1,94,>>,119,75,138,78,125,56,120,86,89,102,77,81,110,111,96,93,126,100,84
UNC Wilmington,CAA,"26-6",+2,95,>>,133,66,116,88,110,66,126,92,103,95,80,82,112,114,82,85,130,120,104
St Joseph's PA,A10,"22-11",+11,96,>>,141,58,114,84,118,77,99,102,98,112,86,86,107,108,89,100,137,106,98
Notre Dame,ACC,"13-18",+2,97,>>,88,171,98,103,89,136,97,100,93,96,106,113,90,95,95,103,85,99,105
Marquette,BE,"12-20",-9,98,>>,83,107,66,115,84,201,76,107,101,92,136,131,72,73,154,109,76,86,107
DePaul,BE,"16-16",-3,99,>>,97,137,106,99,102,172,101,96,87,111,94,95,92,90,114,104,90,96,90
Oregon,B10,"12-20",-10,100,>>,90,115,86,102,99,177,90,103,92,100,116,125,84,87,124,118,78,85,97
UNLV,MWC,"17-16",+2,101,>>,121,89,94,95,108,105,109,94,102,99,105,111,99,109,120,113,98,103,100
Wyoming,MWC,"18-14",-4,102,>>,102,132,110,97,98,120,95,98,103,88,100,109,94,103,110,110,95,112,106
Illinois St,MVC,"20-12",+1,103,>>,100,101,107,118,103,91,110,119,123,94,101,105,109,98,102,96,99,113,112
Mississippi St,SEC,"13-19",-4,104,>>,92,124,108,110,100,180,98,105,93,114,107,106,78,88,127,128,91,76,91
G Washington,A10,"18-15",,105,>>,80,135,90,126,85,106,83,123,129,79,119,147,97,78,107,98,74,127,136
UC Irvine,BWC,"23-11",+3,106,>>,107,83,117,98,104,83,108,104,108,104,108,103,115,123,88,94,139,123,120
Pittsburgh,ACC,"13-20",-1,107,>>,82,121,84,109,94,161,102,106,99,107,125,133,89,91,135,114,92,95,114
Kansas St,B12,"12-20",-7,108,>>,95,142,109,104,101,191,103,99,87,110,112,118,85,97,122,125,93,93,101
Hawaii,BWC,"24-8",+9,109,>>,128,94,120,108,107,100,116,97,103,103,95,90,125,124,99,106,138,118,110
Bradley,MVC,"21-12",+3,110,>>,108,81,102,117,123,94,134,115,124,105,109,104,121,102,103,112,118,108,113
Rutgers,B10,"14-19",+4,111,>>,103,102,92,105,124,182,117,114,93,126,118,108,103,106,155,131,96,90,95
Sam Houston St,CUSA,"22-11",-2,112,>>,110,118,118,111,111,80,105,118,115,108,103,120,118,128,97,101,120,121,111
Kent,MAC,"24-9",+11,113,>>,142,85,142,94,148,63,157,101,106,125,88,93,127,132,76,97,161,125,103
N Dakota St,SL,"27-7",-2,114,>>,158,80,105,112,113,92,114,113,120,116,98,92,136,127,117,99,136,111,102
Maryland,B10,"12-21",+7,115,>>,104,131,96,116,120,175,113,116,96,130,121,110,100,101,131,143,102,80,96
South Carolina,SEC,"13-19",-8,116,>>,98,153,95,129,95,213,100,120,108,106,135,121,91,96,140,134,89,97,109
Davidson,A10,"20-13",-6,117,>>,139,117,121,106,114,103,106,117,112,109,111,117,116,116,118,119,109,116,117
Murray St,MVC,"20-12",-1,118,>>,116,143,139,122,122,95,135,108,122,120,99,100,119,105,108,111,117,122,108
Seattle,WCC,"20-13",-3,119,>>,134,145,122,107,119,138,104,112,108,118,114,107,108,130,105,124,103,119,118
UAB,AAC,"20-12",-6,120,>>,113,100,124,113,128,124,137,111,120,115,115,130,114,122,116,116,125,110,116
San Francisco,WCC,"17-16",+2,121,>>,127,138,131,121,121,151,124,125,115,122,122,135,113,119,101,138,108,107,119
UC San Diego,BWC,"23-11",-2,122,>>,170,113,150,114,117,109,122,109,115,128,110,116,135,149,100,132,141,128,121
St Thomas MN,SL,"24-9",-4,123,>>,199,140,103,136,109,118,112,130,134,101,117,115,128,117,119,121,127,131,128
IL Chicago,MVC,"19-15",-3,124,>>,117,106,93,144,105,114,111,143,150,117,141,154,131,107,145,123,112,130,131
Troy,SBC,"22-11",+6,125,>>,135,98,161,123,143,79,142,121,127,143,120,124,143,135,104,108,155,129,123
Pacific,WCC,"18-15",-1,126,>>,126,185,119,127,112,150,107,126,125,127,133,132,120,131,121,144,122,137,126
FL Atlantic,AAC,"18-15",-1,127,>>,112,150,132,131,129,128,123,128,129,121,130,152,126,126,129,145,116,124,127
Duquesne,A10,"18-15",+2,128,>>,132,133,128,125,127,110,121,132,129,123,128,145,122,113,177,141,119,133,134
North Texas,AAC,"19-14",,129,>>,146,114,125,124,136,126,141,124,126,135,129,134,132,137,128,142,128,114,124
Wright St,HL,"23-11",+6,130,>>,124,96,166,128,140,112,130,133,133,144,124,146,151,150,92,105,147,136,132
Utah,B12,"10-22",-4,131,>>,109,204,113,132,126,223,115,129,113,146,147,170,105,112,158,177,97,109,130
Col Charleston,CAA,"21-11",,132,>>,183,90,155,120,172,84,190,122,127,153,113,123,155,145,111,127,160,140,129
Toledo,MAC,"19-15",+10,133,>>,150,136,127,134,131,87,132,139,141,131,145,162,146,136,91,129,156,144,158
Penn St,B10,"12-20",-6,134,>>,115,184,136,130,138,198,140,127,115,152,137,136,123,120,185,156,104,105,122
Winthrop,BSo,"23-11",+3,135,>>,227,112,177,137,154,74,173,134,157,145,126,122,142,142,94,107,146,150,133
S Illinois,MVC,"16-16",-2,136,>>,105,148,104,173,116,165,129,150,171,124,158,173,137,115,161,153,114,132,142
Arkansas St,SBC,"20-12",+3,137,>>,166,149,135,140,150,101,146,145,141,141,142,155,141,134,126,137,159,145,141
Oregon St,WCC,"17-16",+10,138,>>,161,122,160,119,177,137,162,131,119,169,131,138,138,178,152,158,132,126,125
Memphis,AAC,"13-19",-6,139,>>,122,175,148,147,134,193,133,140,134,138,163,184,117,121,169,166,100,117,139
St Bonaventure,A10,"17-17",+20,140,>>,137,181,123,151,139,140,154,151,143,132,161,200,124,110,132,171,107,135,160
Kennesaw,CUSA,"21-13",+30,141,>>,131,111,141,139,163,125,145,153,145,139,154,167,154,153,134,151,148,134,138
Navy,PL,"26-7",-7,142,>>,162,110,133,146,142,129,148,154,173,133,123,99,175,159,130,120,166,180,155
William & Mary,CAA,"20-12",-1,143,>>,125,173,171,157,149,111,161,138,161,140,132,126,144,140,123,135,167,173,151
Penn,Ivy,"17-11",+3,144,>>,144,108,164,142,159,97,153,141,157,119,139,119,165,187,151,130,210,161,144
Robert Morris,HL,"22-11",-8,145,>>,159,99,170,148,144,157,150,158,150,154,138,140,168,171,115,139,162,157,146
Rhode Island,A10,"16-16",-7,146,>>,118,197,151,164,135,179,151,146,161,137,159,172,130,125,160,169,115,156,166
Towson,CAA,"19-15",+3,147,>>,136,123,126,154,156,107,175,156,167,164,153,176,148,146,147,148,172,165,171
WKU,CUSA,"18-14",-2,148,>>,155,179,163,150,170,141,169,148,143,149,146,160,153,151,188,167,129,147,147
Austin Peay,ASUN,"22-9",+10,149,>>,149,168,191,143,173,117,159,137,150,172,134,112,167,167,163,115,205,169,140
Merrimack,MAAC,"23-11",-5,150,>>,194,95,181,135,179,68,170,163,149,181,127,141,176,177,143,117,181,176,157
Valparaiso,MVC,"18-15",+3,151,>>,154,127,137,162,157,187,163,178,161,162,150,157,161,157,153,170,143,141,137
UTRGV,SLC,"19-14",-1,152,>>,123,169,115,181,115,174,119,170,178,157,168,174,164,155,148,126,144,178,176
ETSU,SC,"23-11",-12,153,>>,173,146,188,167,167,133,196,162,173,151,162,148,152,143,133,133,154,160,154
Cent Arkansas,ASUN,"22-12",+1,154,>>,147,139,162,156,151,119,144,167,170,165,152,139,178,181,181,122,170,197,153
UT Arlington,WAC,"18-14",+7,155,>>,156,200,178,145,153,134,182,136,139,178,149,165,166,199,142,152,178,152,149
Portland St,BSC,"20-11",-4,156,>>,167,201,165,168,146,171,158,152,150,168,143,129,159,168,136,164,184,159,145
MTSU,CUSA,"17-15",-4,157,>>,151,166,168,159,178,131,156,164,157,160,169,180,150,156,159,176,145,155,159
UC Santa Barbara,BWC,"18-14",-9,158,>>,176,208,152,165,130,185,127,142,150,156,164,169,139,148,164,187,152,170,174
Boston College,ACC,"11-20",-3,159,>>,111,192,129,169,155,234,139,165,145,159,206,188,133,133,213,190,111,142,178
Fresno St,MWC,"13-19",-2,160,>>,138,232,134,160,132,219,131,155,145,148,178,212,140,161,210,201,133,153,170
CS Northridge,BWC,"20-14",+12,161,>>,221,147,187,138,175,127,167,149,136,190,148,150,180,184,168,183,165,166,143
N Colorado,BSC,"20-12",-18,162,>>,190,180,146,177,141,200,138,171,167,158,156,142,156,163,207,178,153,162,162
Harvard,Ivy,"17-12",-6,163,>>,148,141,149,182,152,160,165,180,196,134,166,137,172,162,206,146,202,179,182
Montana St,BSC,"18-14",-1,164,>>,163,224,143,195,133,189,128,187,176,155,167,161,162,164,186,162,140,167,172
Tennessee St,OVC,"23-9",+1,165,>>,187,116,145,166,187,93,218,175,171,171,151,128,213,198,156,136,231,185,161
Georgia Tech,ACC,"11-20",-1,166,>>,120,223,147,171,162,239,160,161,136,173,204,202,134,138,209,210,121,138,185
UC Davis,BWC,"19-14",+2,167,>>,206,190,185,149,158,168,164,144,139,183,157,153,184,205,144,188,171,168,156
Washington St,WCC,"12-20",+2,168,>>,164,239,144,180,137,228,125,179,165,150,203,220,129,139,192,203,123,143,181
Cornell,Ivy,"15-13",-8,169,>>,160,151,157,197,164,123,155,192,214,129,183,143,169,152,219,140,235,172,196
Charlotte,AAC,"17-17",+18,170,>>,180,165,179,153,183,188,172,173,150,176,176,195,160,179,141,194,149,149,150
Bowling Green,MAC,"18-14",-4,171,>>,129,220,158,188,147,190,152,183,183,136,179,201,158,144,139,157,173,190,200
Temple,AAC,"16-16",-4,172,>>,143,213,140,184,165,231,143,168,176,161,199,206,145,154,167,206,131,148,177
Idaho,BSC,"21-14",+10,173,>>,168,172,130,192,145,207,136,190,178,175,172,183,163,169,175,179,157,164,168
Tulane,AAC,"18-15",+11,174,>>,210,164,216,133,212,149,201,135,132,205,140,177,171,195,173,205,180,139,135
Queens NC,ASUN,"21-13",-1,175,>>,178,130,189,163,181,142,199,169,173,191,171,144,177,183,174,149,209,184,163
Utah Tech,WAC,"19-15",+2,176,>>,191,182,198,141,188,122,183,147,136,212,144,166,194,225,149,168,197,181,148
Monmouth NJ,CAA,"19-15",-1,177,>>,157,125,154,172,180,155,171,184,178,184,173,209,179,173,201,163,169,188,186
Marshall,SBC,"20-13",-3,178,>>,200,183,226,152,208,102,212,160,150,199,160,178,187,175,137,155,182,175,164
South Alabama,SBC,"21-11",+1,179,>>,214,162,200,161,205,144,197,157,161,197,155,149,204,206,146,175,219,163,152
Siena,MAAC,"23-11",+7,180,>>,171,109,180,175,192,116,186,174,189,185,174,164,191,186,165,147,195,201,189
Loy Marymount,WCC,"15-17",-4,181,>>,140,235,183,174,161,218,147,177,165,167,189,204,147,166,184,200,151,158,179
Furman,SC,"22-12",+4,182,>>,181,129,192,179,190,147,195,182,188,174,186,185,181,158,166,161,193,151,169
Richmond,A10,"15-17",-19,183,>>,130,249,167,200,160,227,168,181,183,142,190,217,149,141,157,213,134,171,195
CS Fullerton,BWC,"18-16",-3,184,>>,213,156,190,155,168,158,193,159,145,193,170,181,190,211,190,186,174,195,165
Oakland,HL,"16-16",-3,185,>>,152,211,212,189,169,152,178,188,183,186,185,192,192,170,171,154,158,177,183
Louisiana Tech,CUSA,"20-14",+5,186,>>,172,134,176,158,203,183,192,172,167,194,184,159,189,196,231,182,200,146,167
Fordham,A10,"17-15",-15,187,>>,145,178,159,186,166,208,177,202,193,147,207,189,157,147,202,202,150,198,209
N Kentucky,HL,"20-14",-9,188,>>,186,186,195,196,176,199,179,193,199,188,194,193,170,165,138,180,185,183,192
Mercer,SC,"19-13",,189,>>,185,202,206,207,189,170,209,199,210,179,191,163,200,160,170,165,192,189,184
Campbell,CAA,"16-18",-6,190,>>,153,188,169,191,182,164,189,185,189,195,201,215,182,185,193,185,196,205,201
Appalachian St,SBC,"19-13",-1,191,>>,193,191,203,185,195,173,184,191,189,189,175,194,203,174,199,172,204,182,190
UMBC,AEC,"24-8",+3,192,>>,177,126,153,208,185,184,185,213,229,166,196,114,225,218,222,159,228,208,191
LIU Brooklyn,NEC,"24-10",+1,193,>>,204,161,228,178,216,156,235,189,193,214,165,127,209,233,172,150,179,225,180
Massachusetts,MAC,"17-16",+2,194,>>,197,216,193,194,196,186,174,176,183,187,208,225,186,180,150,196,168,200,210
New Mexico St,CUSA,"16-16",-2,195,>>,179,193,182,204,184,215,194,196,189,170,222,223,173,176,191,223,164,174,194
Lipscomb,ASUN,"19-13",+2,196,>>,198,205,244,199,200,146,233,203,201,203,182,168,201,194,178,160,224,194,198
Montana,BSC,"17-16",+15,197,>>,248,203,207,201,186,202,166,197,182,204,187,171,206,209,183,221,191,187,199
TAM C. Christi,SLC,"18-15",+2,198,>>,189,206,175,213,174,209,181,207,204,206,198,187,202,207,182,184,216,199,212
James Madison,SBC,"18-15",,199,>>,212,158,199,187,214,153,210,198,196,209,193,211,198,203,239,197,208,193,197
Marist,MAAC,"19-12",-3,200,>>,169,187,215,203,204,159,208,201,210,182,202,179,193,202,215,174,213,227,225
Columbia,Ivy,"16-12",-9,201,>>,174,245,205,212,191,166,207,212,217,163,188,156,205,188,228,173,239,219,211
WI Green Bay,HL,"18-15",+3,202,>>,217,194,232,183,210,169,180,194,183,218,177,198,228,229,195,199,217,218,188
Quinnipiac,MAAC,"19-13",+1,203,>>,196,212,231,202,219,132,220,210,207,201,180,196,196,191,176,181,215,224,216
Portland,WCC,"15-19",+5,204,>>,246,219,227,170,202,233,188,166,157,211,205,197,188,235,221,233,175,192,173
Drake,MVC,"14-20",-3,205,>>,165,195,174,227,197,229,215,206,220,196,229,256,174,172,233,234,176,154,205
Southern Miss,SBC,"19-16",+1,206,>>,215,157,201,193,218,167,221,195,196,230,212,226,223,222,208,208,212,196,187
Coastal Car,SBC,"19-13",+6,207,>>,233,159,259,176,247,148,230,186,178,240,181,205,244,242,196,189,237,207,175
Samford,SC,"18-14",+2,208,>>,241,163,210,217,215,192,232,209,226,192,215,203,208,182,211,193,220,191,204
Florida Intl,CUSA,"15-17",-8,209,>>,175,231,186,214,194,232,176,222,210,180,228,232,183,192,212,230,186,214,217
Buffalo,MAC,"17-15",+6,210,>>,207,256,214,209,199,178,219,205,199,202,195,221,211,217,197,222,199,226,207
Missouri St,CUSA,"16-18",+13,211,>>,195,227,184,220,206,230,198,214,207,198,234,248,195,190,224,239,177,186,215
Texas St,SBC,"19-13",+7,212,>>,220,160,236,190,245,205,228,200,193,228,197,191,233,237,180,214,233,209,203
Detroit,HL,"17-15",+7,213,>>,224,155,218,205,217,206,187,204,210,223,210,199,241,251,189,204,247,216,202
E Washington,BSC,"14-19",-11,214,>>,211,218,156,235,171,246,149,229,233,208,227,236,207,204,251,225,163,204,218
TN Martin,OVC,"22-11",-1,215,>>,222,237,223,215,223,181,263,211,207,210,192,151,238,230,162,192,234,233,213
Drexel,CAA,"17-16",+2,216,>>,192,189,209,219,222,216,202,223,226,217,219,222,210,215,200,215,206,221,232
Ga Southern,SBC,"21-16",-2,217,>>,255,154,219,198,235,196,229,217,201,255,226,260,222,221,179,217,211,202,193
Howard,MEAC,"23-10",-12,218,>>,271,176,173,229,207,226,206,232,245,177,230,158,245,208,187,191,262,245,237
New Orleans,SLC,"15-18",-11,219,>>,228,243,196,225,193,220,200,215,218,236,213,227,226,234,218,209,189,231,208
Ohio,MAC,"15-17",+1,220,>>,231,236,225,211,228,197,226,219,204,220,214,230,197,193,198,229,230,213,220
Jacksonville St,CUSA,"15-17",-10,221,>>,184,225,197,234,209,237,204,234,233,200,235,262,199,197,223,235,187,203,228
Weber St,BSC,"16-16",-5,222,>>,208,253,202,237,198,252,203,230,229,213,225,208,219,228,241,220,190,212,221
Vermont,AEC,"22-12",-1,223,>>,223,170,230,228,240,210,257,239,239,216,224,182,220,212,247,207,218,222,224
St Peter's,MAAC,"17-12",+3,224,>>,253,196,252,206,255,139,240,226,214,215,200,190,243,231,220,195,252,246,231
Stony Brook,CAA,"17-15",+5,225,>>,188,238,224,218,227,211,227,220,218,227,209,210,231,236,230,228,241,242,219
Rice,AAC,"13-18",+2,226,>>,203,233,204,224,226,251,211,225,220,226,241,239,218,214,240,243,214,211,223
Cal Poly,BWC,"14-19",-4,227,>>,257,209,194,222,211,225,217,208,204,232,232,240,229,241,245,250,207,232,222
W Carolina,SC,"15-16",-2,228,>>,205,198,213,239,229,203,223,236,246,221,239,228,236,210,214,212,269,234,230
SE Missouri St,OVC,"20-13",,229,>>,259,174,220,231,232,195,253,231,229,222,221,214,239,213,205,211,259,243,233
San Jose St,MWC,"9-24",+11,230,>>,209,258,211,216,225,267,214,218,201,233,244,274,185,238,234,261,183,206,234
Fairfield,MAAC,"21-13",+1,231,>>,232,167,245,210,263,163,258,228,220,243,211,219,242,253,235,198,246,252,229
Indiana St,MVC,"11-21",-7,232,>>,182,266,172,264,201,268,205,248,259,207,253,279,217,189,227,260,188,215,247
PFW,HL,"17-15",+6,233,>>,225,217,284,226,260,221,265,216,223,258,217,186,247,232,225,218,265,217,214
Wofford,SC,"19-13",+1,234,>>,282,214,272,230,253,217,268,227,233,241,218,207,235,216,216,227,256,210,206
Iona,MAAC,"18-14",+1,235,>>,244,222,266,223,259,194,244,235,229,229,216,224,249,255,204,219,227,241,235
La Salle,A10,"9-23",-3,236,>>,216,255,221,241,233,222,216,241,240,235,243,269,227,223,217,256,194,235,241
Youngstown St,HL,"15-17",-3,237,>>,219,242,239,251,213,260,191,244,251,224,245,244,215,200,242,232,225,237,248
"Bethune-Cookman",SWAC,"17-15",-1,238,>>,268,230,268,221,243,204,224,233,226,252,220,216,237,268,194,216,271,281,245
Tarleton St,WAC,"14-18",-8,239,>>,262,295,260,236,221,253,225,224,214,234,231,241,224,246,203,245,251,228,240
Elon,CAA,"14-18",+3,240,>>,218,276,243,245,230,224,264,240,242,248,236,258,221,219,226,247,226,254,244
San Diego,WCC,"12-21",-1,241,>>,251,279,229,240,224,290,213,238,223,253,247,253,214,245,244,267,198,229,238
Colgate,PL,"18-15",,242,>>,238,251,265,246,249,212,247,246,253,237,240,213,248,226,232,224,222,251,249
S Dakota St,SL,"14-18",-5,243,>>,249,273,208,268,220,261,222,253,253,219,256,250,212,201,259,254,203,223,255
Abilene Chr,WAC,"14-19",+4,244,>>,239,271,251,233,242,238,255,221,223,256,233,243,232,256,229,251,261,230,239
East Carolina,AAC,"11-20",+1,245,>>,245,221,222,243,254,259,259,243,242,239,255,273,216,227,249,280,223,236,246
Denver,SL,"15-17",-2,246,>>,304,264,233,247,234,245,231,242,238,249,242,229,255,250,260,248,229,249,236
Nicholls St,SLC,"14-19",-2,247,>>,247,259,238,250,236,243,246,245,246,282,238,259,253,258,255,236,248,239,243
UNC Asheville,BSo,"15-17",-1,248,>>,287,234,264,249,246,214,256,250,257,231,249,246,250,239,238,242,258,247,250
Morehead St,OVC,"20-13",+3,249,>>,300,177,281,232,283,176,290,237,236,278,223,175,285,282,264,226,304,250,227
FGCU,ASUN,"16-18",-1,250,>>,230,247,273,248,244,263,237,251,252,245,260,275,230,249,250,241,250,248,253
"Loyola-Chicago",A10,"9-24",+16,251,>>,250,215,217,242,280,272,275,249,242,261,273,314,234,220,258,291,201,220,254
North Dakota,SL,"18-17",+3,252,>>,317,210,254,238,275,235,267,247,236,284,237,231,276,276,248,249,263,238,226
American Univ,PL,"16-16",+1,253,>>,201,286,249,272,238,247,243,265,273,238,258,247,254,243,246,244,257,276,273
NE Omaha,SL,"16-17",+2,254,>>,333,226,240,253,261,258,238,268,248,257,246,245,261,262,252,274,260,244,242
SIUE,OVC,"20-13",-5,255,>>,272,246,237,263,256,266,261,261,253,242,248,238,268,263,237,238,275,259,258
Radford,BSo,"16-16",+1,256,>>,278,252,241,273,257,276,241,277,273,247,261,235,259,224,243,257,253,257,266
Old Dominion,SBC,"12-21",-4,257,>>,234,265,246,259,248,249,234,262,263,268,262,303,260,257,253,259,236,260,261
UTEP,CUSA,"11-20",+6,258,>>,240,250,255,258,276,269,270,258,241,251,277,281,252,260,283,298,254,240,252
Mt St Mary's,MAAC,"15-17",+3,259,>>,290,207,263,255,277,236,278,259,263,267,250,251,271,272,254,252,276,274,264
WI Milwaukee,HL,"12-20",,260,>>,236,263,288,261,268,262,273,252,262,276,259,267,257,247,272,258,264,255,256
Boston Univ,PL,"17-17",-10,261,>>,254,228,235,275,262,254,245,281,285,262,271,295,270,254,278,246,244,277,267
Southern Univ,SWAC,"17-17",+10,262,>>,263,248,297,244,279,250,249,271,250,290,265,234,262,290,236,231,297,280,272
Princeton,Ivy,"9-20",-2,263,>>,229,267,253,287,252,271,250,270,288,225,281,280,251,244,285,269,249,256,283
E Michigan,MAC,"10-21",-5,264,>>,226,320,248,281,239,273,236,260,267,250,269,292,269,261,267,276,232,268,271
Lindenwood,OVC,"18-15",-2,265,>>,260,277,279,270,267,242,272,257,263,259,251,233,266,259,279,237,293,284,260
Charleston So,BSo,"15-17",-8,266,>>,252,278,234,288,241,274,252,279,293,246,276,268,263,248,281,262,238,285,278
Lehigh,PL,"18-16",+12,267,>>,269,199,267,252,284,240,283,287,268,279,263,264,292,294,274,253,255,283,262
Idaho St,BSC,"13-20",,268,>>,285,317,275,285,250,298,260,267,263,266,268,270,240,267,265,293,221,253,257
Long Beach St,BWC,"10-22",-4,269,>>,270,298,247,254,231,308,239,255,259,270,288,301,258,271,295,296,243,271,282
Dartmouth,Ivy,"11-16",+3,270,>>,258,275,296,278,274,241,271,278,279,244,257,242,267,269,316,255,306,272,269
South Dakota,SL,"16-16",+4,271,>>,334,257,278,256,282,303,277,256,248,271,254,237,274,296,263,285,281,266,251
Southern Utah,WAC,"10-22",-6,272,>>,265,300,257,269,251,283,262,254,257,280,264,296,256,284,292,279,291,267,268
Pepperdine,WCC,"9-23",+3,273,>>,273,290,262,257,264,304,254,263,253,273,290,293,246,283,286,310,240,261,275
Hampton,CAA,"13-19",,274,>>,235,270,276,280,272,264,304,276,279,264,267,277,264,266,296,271,266,282,279
Longwood,BSo,"16-16",-6,275,>>,289,268,250,292,271,291,269,294,297,254,275,249,275,252,282,264,270,263,285
Lamar,SLC,"12-19",-6,276,>>,237,329,256,299,237,311,251,284,288,272,279,286,265,240,293,273,245,270,289
Presbyterian,BSo,"15-18",-6,277,>>,303,272,270,284,270,257,282,280,285,274,274,271,286,265,257,266,273,269,263
UC Riverside,BWC,"10-22",-1,278,>>,294,282,258,274,258,270,248,269,259,275,282,300,273,291,276,301,277,265,277
Central Conn,NEC,"18-12",+2,279,>>,274,244,318,260,306,248,313,264,271,288,252,218,302,301,284,240,300,291,270
Delaware,CUSA,"10-21",+6,280,>>,291,262,274,266,293,282,276,266,273,269,283,312,280,286,288,316,242,264,274
Incarnate Word,SLC,"12-19",-3,281,>>,202,313,271,303,266,316,274,272,288,281,287,266,278,270,300,277,268,286,291
UNC Greensboro,SC,"15-19",+1,282,>>,307,229,295,271,300,265,288,275,273,297,280,307,289,277,280,275,283,258,259
W Michigan,MAC,"10-21",+1,283,>>,286,301,269,276,273,255,280,273,279,263,272,288,288,288,271,302,280,290,293
C Michigan,MAC,"10-21",-2,284,>>,281,294,242,289,269,302,242,283,287,265,294,309,272,279,273,292,286,279,294
Bellarmine,ASUN,"13-19",-5,285,>>,242,283,282,283,278,295,298,282,273,277,286,304,281,287,269,272,285,287,284
Sacred Heart,MAAC,"14-19",-1,286,>>,280,241,293,277,296,244,297,288,283,285,278,315,279,281,277,265,292,297,287
West Georgia,ASUN,"15-17",+2,287,>>,261,287,303,267,304,278,296,274,268,293,270,252,311,305,275,278,302,300,265
Ball St,MAC,"12-19",,288,>>,266,261,261,286,294,305,279,291,288,283,295,290,287,280,303,284,301,273,288
Mercyhurst,NEC,"18-17",-2,289,>>,276,280,294,296,287,281,284,299,307,287,296,299,299,302,256,263,267,311,305
Prairie View,SWAC,"18-17",+29,290,>>,295,240,290,279,288,285,281,290,288,304,316,285,305,322,268,270,315,308,300
Evansville,MVC,"7-25",+7,291,>>,243,291,283,294,308,297,302,297,283,291,305,322,283,278,309,322,272,275,281
CS Sacramento,BSC,"10-21",-2,292,>>,305,333,286,301,265,330,266,293,273,292,292,276,277,289,320,315,284,289,286
Jacksonville,ASUN,"12-20",-1,293,>>,264,307,298,293,295,289,285,295,293,301,297,305,291,300,266,268,303,293,298
NC A&T,CAA,"11-19",-1,294,>>,283,312,280,297,291,286,311,292,293,289,285,283,294,295,270,312,298,309,296
Alabama A&M,SWAC,"18-15",-1,295,>>,331,284,322,265,307,299,307,285,271,295,266,257,293,323,262,288,316,319,292
Florida A&M,SWAC,"15-16",+5,296,>>,336,254,313,262,312,280,292,289,268,305,289,263,312,327,261,286,335,313,297
Louisiana,SBC,"11-22",+2,297,>>,309,260,305,282,313,279,286,286,279,316,291,324,297,307,297,309,296,278,276
Chattanooga,SC,"13-19",-7,298,>>,288,269,300,307,301,300,312,304,309,286,304,316,290,264,313,287,288,262,301
E Kentucky,ASUN,"11-21",-4,299,>>,277,305,307,298,297,284,299,308,299,298,303,326,282,274,287,281,295,294,307
Houston Chr,SLC,"12-20",-3,300,>>,297,302,287,304,292,317,309,296,293,315,293,289,298,297,305,308,282,302,290
Brown,Ivy,"9-18",-5,301,>>,275,288,291,327,290,320,289,319,326,260,318,278,295,273,328,295,320,295,321
East Texas A&M,SLC,"11-21",+4,302,>>,284,338,301,309,289,301,293,298,303,318,298,294,296,303,308,297,307,303,295
Northwestern LA,SLC,"10-22",-3,303,>>,279,309,277,314,281,331,305,309,312,309,306,320,300,293,289,306,278,298,304
SC Upstate,BSo,"13-19",+1,304,>>,299,323,309,308,302,296,303,317,314,296,299,302,308,299,302,282,287,304,306
Northeastern,CAA,"7-24",-3,305,>>,256,326,285,322,286,310,294,305,320,294,323,339,284,275,323,321,274,307,323
SE Louisiana,SLC,"9-22",-3,306,>>,267,321,289,321,285,332,295,307,314,312,311,319,303,285,321,314,294,292,308
Le Moyne,NEC,"15-17",-3,307,>>,296,322,311,312,299,312,315,303,314,303,300,298,309,304,315,283,290,327,313
NJIT,AEC,"16-17",+12,308,>>,337,285,334,295,332,256,322,302,302,323,284,255,332,333,310,300,327,314,280
Stetson,ASUN,"12-21",-2,309,>>,313,306,310,302,303,319,310,306,299,314,302,310,315,332,299,313,313,305,299
Georgia St,SBC,"10-22",,310,>>,306,310,308,311,310,321,316,301,307,310,319,330,307,298,318,319,279,296,303
MA Lowell,AEC,"15-18",-3,311,>>,319,274,315,319,321,275,320,326,326,302,317,272,324,309,294,294,325,306,311
Ark Pine Bluff,SWAC,"13-19",+4,312,>>,338,324,328,291,314,277,287,312,297,327,301,261,316,335,304,289,330,335,316
Wagner,NEC,"14-17",-2,313,>>,327,289,306,317,305,292,318,324,329,299,315,284,328,319,290,290,308,323,324
Tennessee Tech,OVC,"13-18",-2,314,>>,302,299,299,316,315,293,323,316,319,300,309,297,318,306,319,307,334,315,315
TX Southern,SWAC,"12-18",-2,315,>>,321,297,304,300,316,322,306,325,314,307,312,265,301,329,301,304,339,329,331
Cleveland St,HL,"11-22",+2,316,>>,312,281,331,313,320,313,314,300,299,324,307,323,313,321,317,320,322,288,302
Grambling,SWAC,"14-19",-8,317,>>,316,336,317,306,298,314,300,310,314,317,320,318,304,316,291,299,312,318,322
Oral Roberts,SL,"10-23",-3,318,>>,314,331,292,323,309,335,301,320,320,311,326,325,306,311,306,328,289,301,318
Ark Little Rock,OVC,"12-20",-5,319,>>,320,311,302,325,311,306,327,318,320,313,310,317,310,292,330,317,317,310,314
Northern Arizona,BSC,"10-22",+1,320,>>,301,342,316,326,319,349,317,313,309,322,322,313,314,315,312,334,299,299,309
Manhattan,MAAC,"12-20",+2,321,>>,308,303,330,305,330,288,334,314,309,325,308,321,321,317,325,318,331,324,320
E Illinois,OVC,"13-20",,322,>>,328,308,319,315,323,294,330,322,312,319,313,308,333,320,324,311,328,317,312
New Haven,NEC,"14-17",+1,323,>>,311,318,323,320,328,309,329,323,325,308,324,282,336,330,314,303,329,346,325
Norfolk St,MEAC,"15-17",-7,324,>>,343,293,320,330,327,327,331,327,335,306,325,291,330,314,307,305,326,316,328
N Illinois,MAC,"9-21",+4,325,>>,326,330,343,310,333,307,341,311,305,328,321,306,331,326,329,331,338,312,310
Jackson St,SWAC,"12-21",+8,326,>>,357,296,346,290,341,287,332,315,305,351,314,311,338,352,298,326,349,331,317
Lafayette,PL,"11-21",,327,>>,310,314,329,329,325,325,321,330,332,326,330,334,319,313,327,329,311,330,327
Loyola MD,PL,"12-20",-2,328,>>,298,315,312,338,322,329,325,339,338,321,331,328,326,310,331,323,321,332,334
Bucknell,PL,"10-23",+2,329,>>,325,327,325,331,331,315,326,331,334,329,327,341,327,318,322,335,309,325,326
SUNY Albany,AEC,"11-21",-2,330,>>,292,328,314,346,324,337,319,346,345,320,340,332,325,312,345,325,319,328,337
Alabama St,SWAC,"10-22",-6,331,>>,323,339,332,336,318,342,308,329,335,330,332,342,322,325,311,330,310,339,342
CS Bakersfield,BWC,"8-24",+3,332,>>,342,346,336,324,326,343,324,321,303,337,333,327,329,339,346,349,323,322,329
IUPUI,HL,"7-25",-3,333,>>,315,354,326,345,317,356,291,338,340,335,343,351,323,308,342,336,305,343,345
Holy Cross,PL,"11-22",-2,334,>>,335,344,324,340,329,338,333,336,340,331,337,346,335,324,333,337,314,333,333
UT San Antonio,AAC,"5-25",+2,335,>>,318,340,327,337,340,333,336,337,324,332,344,343,320,340,336,351,340,321,336
Canisius,MAAC,"10-21",+3,336,>>,329,332,338,333,342,318,345,334,330,338,329,331,337,344,334,341,348,336,332
Stonehill,NEC,"12-21",-4,337,>>,324,335,321,344,334,339,337,345,346,334,341,348,342,331,332,327,318,344,343
North Alabama,ASUN,"9-21",,338,>>,330,325,350,339,343,340,338,332,331,342,335,333,334,338,340,345,347,320,330
Citadel,SC,"11-22",+1,339,>>,349,304,344,334,347,336,347,328,326,346,338,336,340,337,351,342,343,326,319
NC Central,MEAC,"14-18",+6,340,>>,356,316,351,335,352,323,352,340,338,341,334,254,349,346,341,324,359,337,338
Morgan St,MEAC,"14-16",-5,341,>>,358,292,347,332,353,341,354,335,337,336,328,287,351,355,326,333,357,348,335
Air Force,MWC,"3-29",+3,342,>>,346,355,348,318,345,326,343,341,320,343,346,349,317,347,335,355,324,338,341
Army,PL,"11-21",-1,343,>>,332,348,342,341,337,328,342,342,342,344,339,335,339,334,350,339,341,340,339
Niagara,MAAC,"8-22",-1,344,>>,341,337,333,342,338,324,335,343,343,333,342,345,343,336,338,343,346,342,344
North Florida,ASUN,"7-25",-1,345,>>,293,349,337,343,335,334,328,344,343,345,347,347,344,348,349,338,342,341,351
F Dickinson,NEC,"11-21",-5,346,>>,339,345,339,347,336,347,339,347,347,340,345,340,341,328,337,332,336,350,348
Alcorn St,SWAC,"9-23",+4,347,>>,354,334,355,328,346,344,344,333,332,355,336,337,346,359,344,344,353,345,340
New Hampshire,AEC,"9-21",-1,348,>>,322,353,356,350,349,346,350,350,351,339,348,329,347,342,339,340,351,349,347
Chicago St,NEC,"7-25",,349,>>,344,352,341,349,344,353,340,349,352,352,350,355,352,349,343,346,333,353,352
Maine,AEC,"8-24",,350,>>,347,343,340,353,348,348,349,353,353,349,352,359,350,343,354,347,332,347,350
Bryant,AEC,"9-22",+2,351,>>,352,341,353,351,355,350,355,351,348,348,349,344,348,345,355,348,350,334,346
Southern Indiana,OVC,"7-23",-4,352,>>,340,356,335,357,339,357,346,355,348,347,354,354,345,341,357,354,344,352,354
S Carolina St,MEAC,"10-22",+2,353,>>,363,319,352,348,356,345,353,348,348,354,351,338,356,360,347,352,361,351,349
MD E Shore,MEAC,"9-23",-2,354,>>,345,360,345,355,350,358,356,352,356,350,353,352,353,350,348,350,337,354,353
Rider,MAAC,"4-25",+2,355,>>,348,350,358,352,357,351,358,354,354,353,357,353,354,353,352,356,356,355,359
St Francis PA,NEC,"7-24",-2,356,>>,351,357,357,356,354,354,351,356,355,356,355,356,357,354,353,353,352,358,356
ULM,SBC,"4-28",-1,357,>>,350,362,349,358,351,359,348,358,358,358,361,363,359,356,358,359,345,359,362
VMI,SC,"6-26",+1,358,>>,353,361,360,360,360,360,360,359,356,360,358,361,355,351,360,357,355,357,357
Coppin St,MEAC,"7-24",+1,359,>>,360,347,361,354,363,352,363,357,359,362,356,350,363,364,356,358,364,362,355
Binghamton,AEC,"8-23",-2,360,>>,355,351,354,363,359,364,357,363,364,357,359,362,360,357,364,360,358,361,358
Gardner Webb,BSo,"4-29",+1,361,>>,361,359,359,359,361,355,361,360,363,363,360,360,361,363,359,362,360,360,364
Missouri KC,SL,"4-27",-1,362,>>,362,364,362,362,358,363,359,362,360,361,363,358,358,358,362,363,354,356,361
Delaware St,MEAC,"8-23",,363,>>,364,358,363,361,362,361,362,361,362,359,362,357,362,361,361,361,363,364,360
W Illinois,OVC,"5-26",,364,>>,359,363,364,365,364,362,365,364,361,364,364,364,364,362,363,364,362,363,363
MS Valley St,SWAC,"3-30",,365,>>,365,365,365,364,365,365,364,365,365,365,365,365,365,365,365,365,365,365,365
